"Bin","BinRA","TopTaxonID","TopTaxonRAinBin","TopTaxon.Kingdom","TopTaxon.Phylum","TopTaxon.Class","TopTaxon.Order","TopTaxon.Family","TopTaxon.Genus","TopTaxon.Species","Kingdom.maxNamed","Kingdom.maxNamed.Percent","Phylum.maxNamed","Phylum.maxNamed.Percent","Class.maxNamed","Class.maxNamed.Percent","Order.maxNamed","Order.maxNamed.Percent","Family.maxNamed","Family.maxNamed.Percent","Genus.maxNamed","Genus.maxNamed.Percent","Species.maxNamed","Species.maxNamed.Percent"
"Bin1",0.00689216349074033,"TACGTAGGGCGCAAGCGTTATCCGGAATTATTGGGCGTAAAGAGCTCGTAGGCGGTTTGTCGCGTCTGCTGTGAAATCCCGAGGCTCAACCTCGGGCCTGCAGTGGGTACGGGCAGACTAGAGTGCGGTAGGGGAGATTGGAATTCCTGGTGTAGCGGTGGAATGCGCAGATATCAGGAGGAACACCGATGGCGAAGGCAGATCTCTGGGCCGTAACTGACGCTGAGGAGCGAAAGGGTGGGGAGCAAACAGGC",0.458066476401414,"Bacteria","Actinobacteriota","Actinobacteria","Micrococcales","Microbacteriaceae","Microbacterium",NA,"Bacteria",1,"Actinobacteriota",1,"Actinobacteria",1,"Micrococcales",1,"Microbacteriaceae",1,"Microbacterium",0.859060818218484,"ginsengisoli",1
"Bin2",0.00872029604292822,"TACGTAGGGCGCGAGCGTTATCCGGAATTATTGGGCGTAAAGAGCTCGTAGGCGGTTTGTCACGTCTGCTGTGAAAGCCCGGGGCTCAACCCCGGGTGTGCAGTGGGTACGGGCAGACTAGAGTGCAGTAGGGGAGACTGGAATTCCTGGTGTAGCGGTGAAATGCGCAGATATCAGGAGGAACACCGATGGCGAAGGCAGGTCTCTGGGCTGTTACTGACGCTGAGGAGCGAAAGCATGGGGAGCGAACAGG",0.344549266694561,"Bacteria","Actinobacteriota","Actinobacteria","Micrococcales","Micrococcaceae","Nesterenkonia",NA,"Bacteria",1,"Actinobacteriota",1,"Actinobacteria",1,"Micrococcales",0.73625919801353,"Micrococcaceae",0.717941861650607,"Nesterenkonia",0.465815153367905,"vaginalis",0.94424146814821
"Bin3",0.0103337567093234,"TACGTAGGGCGCAAGCGTTATCCGGAATTATTGGGCGTAAAGAGCTCGTAGGCGGTTTGTCGCGTCTGCCGTGAAAGTCCGGGGCTCAACTCCGGATCTGCGGTGGGTACGGGCAGACTAGAGTGATGTAGGGGAGACTGGAATTCCTGGTGTAGCGGTGAAATGCGCAGATATCAGGAGGAACACCGATGGCGAAGGCAGGTCTCTGGGCATTAACTGACGCTGAGGAGCGAAAGCATGGGGAGCGAACAGG",0.244505822570452,"Bacteria","Actinobacteriota","Actinobacteria","Micrococcales","Micrococcaceae","Pseudarthrobacter",NA,"Bacteria",1,"Actinobacteriota",1,"Actinobacteria",1,"Micrococcales",1,"Micrococcaceae",1,"Pseudarthrobacter",0.284423963076935,"dentocariosa",0.991938857517508
"Bin4",0.00277291976936303,"TACGTAGGGTCCGAGCGTTGTCCGGAATTATTGGGCGTAAAGGGCTCGTAGGCGGTTTGTCGCGTCGGGAGTGAAAACCAGCAGCTTAACTGCTGGCTTGCTTTCGATACGGGCAGACTAGAGGCATGCAGGGGAGAACGGAATTCCTGGTGTAGCGGTGAAATGCGCAGATATCAGGAGGAACACCGGTGGCGAAGGCGGTTCTCTGGGCATGTCCTGACGCTGAGGAGCGAAAGTGTGGGGAGCGAACAGG",0.582007142608169,"Bacteria","Actinobacteriota","Actinobacteria","Propionibacteriales","Nocardioidaceae","Nocardioides",NA,"Bacteria",1,"Actinobacteriota",1,"Actinobacteria",1,"Propionibacteriales",1,"Nocardioidaceae",1,"Nocardioides",0.999587443375203,"lentus",0.749966970594241
"Bin5",0.00325406942811739,"TACGTAGGGTCCGAGCGTTGTCCGGAATTATTGGGCGTAAAGGGCTCGTAGGCGGTTTGTCGCGTCGGGAGTGAAAACTCAGGGCTCAACCCTGAGCGTGCTTCCGATACGGGCAGACTAGAGGTATGCAGGGGAGAACGGAATTCCTGGTGTAGCGGTGGAATGCGCAGATATCAGGAGGAACACCGGTGGCGAAGGCGGTTCTCTGGGCATTACCTGACGCTGAGGAGCGAAAGCATGGGGAGCGAACAGG",0.245819602200081,"Bacteria","Actinobacteriota","Actinobacteria","Propionibacteriales","Nocardioidaceae","Aeromicrobium",NA,"Bacteria",1,"Actinobacteriota",1,"Actinobacteria",1,"Propionibacteriales",0.955731371156071,"Nocardioidaceae",0.779393630089799,"Aeromicrobium",0.74804264886983,"alkaliterrae",0.98775191997751
"Bin6",0.00842821898277031,"TACGTAGGGTGCGAGCGTTGTCCGGATTTATTGGGCGTAAAGGGCTCGTAGGTGGTTGATCGCGTCGGAAGTGTAATCTTGGGGCTTAACCCTGAGCGTGCTTTCGATACGGGTTGACTTGAGGAAGGTAGGGGAGAATGGAATTCCTGGTGGAGCGGTGGAATGCGCAGATATCAGGAGGAACACCAGTGGCGAAGGCGGTTCTCTGGGCCTTTCCTGACGCTGAGGAGCGAAAGCGTGGGGAGCGAACAGGC",0.900271759449424,"Bacteria","Actinobacteriota","Actinobacteria","Propionibacteriales","Propionibacteriaceae","Cutibacterium",NA,"Bacteria",1,"Actinobacteriota",1,"Actinobacteria",1,"Propionibacteriales",1,"Propionibacteriaceae",1,"Cutibacterium",1,"acnes",1
"Bin7",0.00904309620171597,"TACGTAGGGCGCGAGCGTTGTCCGGAATTATTGGGCGTAAAGAGCTCGTAGGCGGCTGGTCGCGTCTGTCGTGAAATCCTCTGGCTTAACTGGGGGCTTGCGGTGGGTACGGGCCGGCTTGAGTGCGGTAGGGGAGACTGGAACTCCTGGTGTAGCGGTGGAATGCGCAGATATCAGGAAGAACACCGGTGGCGAAGGCGGGTCTCTGGGCCGTTACTGACGCTGAGGAGCGAAAGCGTGGGGAGCGAACAGG",0.274120567432964,"Bacteria","Actinobacteriota","Actinobacteria","Actinomycetales","Actinomycetaceae","Actinomyces",NA,"Bacteria",1,"Actinobacteriota",1,"Actinobacteria",1,"Actinomycetales",0.320691484102334,"Actinomycetaceae",0.320691484102334,"Actinomyces",0.296594505220701,"intestinalis",0.779960168055099
"Bin8",0.0101680985807674,"TACGTAGGGGGCGAGCGTTGTCCGGAATCACTGGGCGTAAAGAGCGTGTAGGCGGCCCGGTAAGTCTGCTGTGAAAACCCGGGGCTCAACCCCGGGCGTGCAGTGGAAACTGCCGGGCTAGAGGGCGGCAGAGGCGAGTGGAATTCCCGGTGTAGCGGTGAAATGCGCAGATATCGGGAGGAACACCAGTAGCGAAGGCGGCTCGCTGGGCCGTCCCTGACGCTGAGACGCGAAAGCTAGGGGAGCGAACAGG",0.402770319541413,"Bacteria","Actinobacteriota","Rubrobacteria","Rubrobacterales","Rubrobacteriaceae","Rubrobacter",NA,"Bacteria",1,"Actinobacteriota",1,"Thermoleophilia",0.48456332347942,"Rubrobacterales",0.403707722460011,"Rubrobacteriaceae",0.455906671889152,"Rubrobacter",0.698552629677754,"phocaeensis",1
"Bin9",0.00308249563062837,"CACCGGCAGCCCAAGTGATAGCCGATTTTATTGGGCCTAAAGGGTCCGTAGCTGGCTCTGCAAGTCTGTTGGGAAATCTGCGTGCTCAACGCGCAGGCGTCCAGCGGATACTGCAGAGCTTGGGACCAGGAGACTTGAGGGGTACGTCCGGGGTAGGAGTGAAATCCTGTAATCCTGGACGGACCACCGATGGCGAAAGCACCTCAAGAGACTGGATCCGACAGTGAGGGACGAAAGCTAGGGTCTCGAACCGG",0.38474326100091,"Archaea","Halobacterota","Halobacteria","Halobacterales",NA,NA,NA,"Bacteria",0.61525673899909,"Patescibacteria",0.511013610135176,"Saccharimonadia",0.511013610135176,"Saccharimonadales",0.54913042173372,"Saccharimonadaceae",0.876419557881385,"TM7a",1,NA,NA
"Bin10",0.00326369508210022,"TACGGAGGGTGCAAGCGTTATCCGGATTTATTGGGTTTAAAGGGTCCGTAGGCGGATCTGTAAGTCAGTGGTGAAATCTTTCGGCTTAACCGGAAAACTGCCATTGATACTGCAGGTCTTGAGTAAGGTAGAAGTGGCTGGAATAAGTAGTGTAGCGGTGAAATGCATAGATATTACTTAGAACACCAATTGCGAAGGCAGGTCACTATGTCTTAACTGACGCTGATGGACGAAAGCGTGGGGAGCGAACAGG",0.298472870764573,"Bacteria","Bacteroidota","Bacteroidia","Flavobacteriales","Weeksellaceae","Chryseobacterium",NA,"Bacteria",1,"Bacteroidota",1,"Bacteroidia",1,"Flavobacteriales",0.996644417062931,"Weeksellaceae",0.888117365095646,"Chryseobacterium",0.632414210900195,"hominis",0.410317341942361
"Bin11",0.0195808013528269,"TACGGAGGGTGCGAGCGTTATCCGGATTCACTGGGTTTAAAGGGTGTGTAGGCGGGCAGGTAAGTCAGCGGTGAAAGCCCCGAGCTTAACTTGGGAATTGCCGTTGATACTATCTGTCTTGAATGTTGTGGAGGCGAGCGGAATATGGCATGTAGCGGTGAAATGCTTAGATATGCCATAGAACACCGATTGCGAAGGCAGCTCGCTACGCAACCATTGACGCTGAGGCACGAAAGCGTGGGGAGCAAACAGG",0.675639603677181,"Bacteria","Bacteroidota","Bacteroidia","Chitinophagales","Chitinophagaceae",NA,NA,"Bacteria",1,"Bacteroidota",1,"Bacteroidia",1,"Chitinophagales",1,"Chitinophagaceae",1,"Vibrionimonas",0.633707738665493,"metallilatus",1
"Bin12",0.0393698156579133,"GACGAAGGATGCGAGCGTTATCCGGATTCACTGGGTTTAAAGGGTGCGTAGGCGGTTTAGTAAGTTTCAAGTTAAAGACTGGTGCTTAACATCGGGACTGCTTGAAAAACTGCTAGACTTGAGATAGGTCGGCGTTGCTGGAATATGGCAAGTAGAGGTGAAATTCATAGATATGCCATAGAACACCGATAGCGAAGGCAGGCGACGAGGCCTTATCTGACGCTGAGGCACGAAAGCGTGGGGATCAAACAGG",0.856191274190108,"Bacteria","Bacteroidota","Bacteroidia",NA,NA,NA,NA,"Bacteria",1,"Bacteroidota",1,"Bacteroidia",1,"Flavobacteriales",1,"Crocinitomicaceae",1,NA,NA,NA,NA
"Bin13",0.0404509707101735,"GACGAAGGATGCGAGCGTTATCCGGATTCACTGGGTTTAAAGGGTGCGTAGGCGGTTTAGTAAGTTTCAAGTTAAAGACTGGTGCTTAACATCAGGACTGCTTGAAAAACTGCTAGACTTGAGATAGGTCGGCGTTGCTGGAATATGGCAAGTAGAGGTGAAATTCATAGATATGCCATAGAACACCGATAGCGAAGGCAGGCGACGAGGCCTTATCTGACGCTGAGGCACGAAAGCGTGGGGATCAAACAGG",0.840567182131083,"Bacteria","Bacteroidota","Bacteroidia",NA,NA,NA,NA,"Bacteria",1,"Bacteroidota",1,"Bacteroidia",1,NA,NA,NA,NA,NA,NA,NA,NA
"Bin14",0.00734257275941591,"TACGGAGGATCCAAGCGTTATCCGGATTTATTGGGTTTAAAGGGAGCGTAGGCGGCCTATTAAGTCAGGGGTGAAAGACGGCAGCTTAACTGTCGCAGTGCCTTTGATACTGATGGGCTTGAATGTAGTTGAGGTAGGCGGAATGTGACAAGTAGCGGTGAAATGCATAGATATGTCACAGAACACCGATTGCGAAGGCAGCTTACTAAGCTATAATTGACGCTGAGGCTCGAAAGCGTGGGGATCAAACAGG",0.265890989026517,"Bacteria","Bacteroidota","Bacteroidia","Sphingobacteriales","Sphingobacteriaceae",NA,NA,"Bacteria",1,"Bacteroidota",1,"Bacteroidia",1,"Sphingobacteriales",0.535415836847059,"Sphingobacteriaceae",0.535415836847059,"Prevotella",0.532352602636424,"disiens",0.882063385555659
"Bin15",0.00344450531453695,"TACGGAGGGTGCGAGCGTTGTCCGGATTTATTGGGTTTAAAGGGTGCGTAGGCGGCTGATTAAGTCCGGGGTGAAAGCCCACTGCTCAACAGTGGAACTGCCCTGGAAACTAGTTAGCTTGAGTACAGACGAGGGTGGCGGAATGGATACTGTAGCGGTGAAATGCATAGATAGTATCCAGAACCCCGATTGCGAAGGCAGCTGCCTAGACTGTAACTGACGCTGAGGCACGAAAGCGTGGGGAGCGAACAGG",0.293750544180032,"Bacteria","Bacteroidota","Bacteroidia","Cytophagales","Hymenobacteraceae","Hymenobacter",NA,"Bacteria",1,"Bacteroidota",1,"Bacteroidia",1,"Cytophagales",1,"Hymenobacteraceae",1,"Hymenobacter",0.735357769744997,"elongatus",0.98232586098069
"Bin16",0.00199810585782359,"GACGGAGGAGGCAAGCGTTATCCGGAATTATTGGGCGTAAAGCGTCCGCAGGCGGCTAATTAAGTCTGTTGTCAAAGGTCACAGCTCAACTGTGGATCGGCAATGGAAACTGGTTAGCTAGAGTGTGGTAGGGGTAGAGGGAATTCCCGGTGTAGCGGTGAAATGCGTAGATATCGGGAAGAACACCAGTGGCGAAGGCGCTCTACTGGGCCACAACTGACGCTGAGGGACGAAAGCTAGGGGAGCGAAAGGG",0.838284587604796,"Bacteria","Cyanobacteria","Cyanobacteriia","Phormidesmiales","Nodosilineaceae","Nodosilinea_PCC-7104",NA,"Bacteria",1,"Cyanobacteria",0.873230761956915,"Cyanobacteriia",0.873230761956915,"Phormidesmiales",0.838640493251111,"Nodosilineaceae",0.838640493251111,"Nodosilinea_PCC-7104",0.877250224272953,NA,NA
"Bin17",0.00122804221539484,"TACGTAGGACCCAAGCGTTATCCGGATTCACTGGGTGTAAAGGGTGTGTAAGCGGGCGTGCGCGTCTGGGGTGAAAGGTTCCGGCTCAACCGGAAATATGCCTTGGATACGGCACGTCTTGGGTGCGGGAGAGGACGGTGGAATTCCTGGTGTAGCGGTGAAATGCGTAGATATCAGGAGGAACACCAGTGGCGAAGGCGGCCGTCTGGCCCGCAACCGACGCTGAAACACGAAAGCGTGGGGATCAAACAGG",0.406526701270072,"Bacteria","Bacteroidota","Kapabacteria","Kapabacteriales",NA,NA,NA,"Bacteria",1,"Bacteroidota",1,"Kapabacteria",1,"Kapabacteriales",1,NA,NA,NA,NA,NA,NA
"Bin18",0.0638801715772829,"TACGTAGGACCCAAGCGTTATCCGGATTCACTGGGTGTAAAGGGTGTGTAGGCGGGCGTGCGCGTCTGGGGTGAAAGGTTCCGGCTCAACCGGAAATATGCCTTGGATACGGCACGTCTTGGGTGCGGGAGAGGACGGTGGAATTCCTGGTGTAGCGGTGAAATGCGTAGATATCAGGAGGAACACCAGTGGCGAAGGCGGCCGTCTGGCCCGCAACCGACGCTGAAACACGAAAGCGTGGGGATCAAACAGG",0.844695210586351,"Bacteria","Bacteroidota","Kapabacteria","Kapabacteriales",NA,NA,NA,"Bacteria",1,"Bacteroidota",0.909746558407113,"Kapabacteria",0.909746558407113,"Kapabacteriales",0.909746558407113,"Acidobacteriae_fa",1,"Paludibaculum",1,NA,NA
"Bin19",0.033940800713916,"TACGTAGGGGGCTAGCGTTGTTCGGATTTACTGGGCGTAAAGCGCGTGTAGGCGGTACATTAAGTCAGCTGTTAAATTCCCGAGCTTAACTCGGGAAAGTCGGCTGATACTGATGTGCTAGAGTGCAGAAGAGGCAACTGGAATTCTCGGTGTAGCGGTGAAATGCGTAGATATCGAGAGGAACACCGGAGGCGAAGGCGAGTTGCTGGTCTGACACTGACGCTGAGACGCGAAAGCTAGGGGAGCAAACAGG",0.828228417605996,"Bacteria","Acidobacteriota","Blastocatellia",NA,NA,NA,NA,"Bacteria",1,"Acidobacteriota",0.919032853740325,"Blastocatellia",0.919032853740325,"Pyrinomonadales",0.636326406170515,"Pyrinomonadaceae",0.636326406170515,"Pyrinomonas",0.676498384152729,NA,NA
"Bin20",0.00536339171562229,"GACGGAGGGGGCGAGCGTTGCCCGGAGTCACTGGGCGTAAAGGGCGCGTAGGCGGCTGGGCGCGCCGCGCGTGAAAGCCCCCGGCTCAACCGGGGAGGGTCGCGCGGGACGGTCTGGCTCGAGGGCGGGAGAGGCGGGTGGAATTCCCGGTGTAGCGGTGAAATGCGTAGAGCTCGGGAGGAACACCGGTGGCGAAGGCGGCCCGCTGGCCCGTACCTGACGCTGAGGCGCGAAGGCGTGGGGAGCGAACCGG",0.26339445569666,"Bacteria","Chloroflexi","Chloroflexia","Thermomicrobiales","Thermomicrobiaceae","Thermomicrobium",NA,"Bacteria",1,"Chloroflexi",0.999720995140626,"Chloroflexia",0.999772742309529,"Thermomicrobiales",0.655387138441104,"JG30-KF-CM45",0.355240248786342,"Thermomicrobium",1,NA,NA
"Bin21",0.0068252637635194,"TACGTAGGTGGCGAGCGTTGTCCGGAATGACTGGGCGTAAAGGGCGTGTAGGCGGCCTTGCAAGTCCGGGGTGAAAACCGGCGGCTCAACCGCCGGCCTGCCCTGGAAACTGCGGGGCTGGAGTGGGCAAGAGGGCAGCGGAATTCCCGGTGTAGCGGTGAAATGCGTAGAGATCGGGAGGAACACCAGTGGCGAAGGCGGCTGCCTGGGGCCTGACTGACGCTGAGGCGCGAAAGCTGGGGGAGCAAACAGG",0.834280997665559,"Bacteria","Firmicutes","Symbiobacteriia","Symbiobacteriales","Symbiobacteriales_fa","Caldinitratiruptor",NA,"Bacteria",1,"Firmicutes",0.964764964107349,"Symbiobacteriia",0.964764964107349,"Symbiobacteriales",0.9653508288089,"Symbiobacteriales_fa",0.9653508288089,"Caldinitratiruptor",0.965697877359203,NA,NA
"Bin22",0.0105521240538635,"TACGGAGGGGGCTAGCGTTGTTCGGAATTACTGGGCGTAAAGCGCACGTAGGCGGACCGGACAGTCAGAGGTGAAATCCCAGGGCTCAACCTTGGAACTGCCTTTGAAACTATCGGTCTGGAGTTCGAGAGAGGTGAGTGGAATTCCGAGTGTAGAGGTGAAATTCGTAGATATTCGGAGGAACACCAGTGGCGAAGGCGGCTCACTGGCTCGATACTGACGCTGAGGTGCGAAAGCGTGGGGAGCAAACAGG",0.403335500125182,"Bacteria","Proteobacteria","Alphaproteobacteria","Rhodobacterales","Rhodobacteraceae","Paracoccus",NA,"Bacteria",1,"Proteobacteria",1,"Alphaproteobacteria",1,"Rhodobacterales",0.999893801497052,"Rhodobacteraceae",0.999893801497052,"Paracoccus",0.838115531594644,"kaplicensis",1
"Bin23",0.00591096538117249,"TACGAAGGGGGCTAGCGTTGTTCGGAATTACTGGGCGTAAAGCGCACGTAGGCGGATATTTAAGTCAGGGGTGAAATCCCAGAGCTCAACTCTGGAACTGCCTTTGATACTGGGTATCTTGAGTATGGAAGAGGTAAGTGGAATTGCGAGTGTAGAGGTGAAATTCGTAGATATTCGCAGGAACACCAGTGGCGAAGGCGGCTTACTGGTCCATTACTGACGCTGAGGTGCGAAAGCGTGGGGAGCAAACAGG",0.643326727139865,"Bacteria","Proteobacteria","Alphaproteobacteria","Rhizobiales","Rhizobiaceae","Allorhizobium-Neorhizobium-Pararhizobium-Rhizobium",NA,"Bacteria",1,"Proteobacteria",1,"Alphaproteobacteria",1,"Rhizobiales",1,"Rhizobiaceae",1,"Allorhizobium-Neorhizobium-Pararhizobium-Rhizobium",0.82289052154568,NA,NA
"Bin24",0.00933438023426389,"TACGAAGGGGGCTAGCGTTGTTCGGAATTACTGGGCGTAAAGCGCACGTAGGCGGATATTTAAGTCAGGGGTGAAATCCCGGGGCTCAACCCCGGAACTGCCTTTGATACTGGGTATCTTGAGTGTGGTAGAGGTGAGTGGAATTGCGAGTGTAGAGGTGAAATTCGTAGATATTCGCAGGAACACCAGTGGCGAAGGCGGCTCACTGGACCACAACTGACGCTGAGGTGCGAAAGCGTGGGGAGCAAACAGG",0.618057207072451,"Bacteria","Proteobacteria","Alphaproteobacteria","Rhizobiales","Rhizobiaceae","Aureimonas",NA,"Bacteria",1,"Proteobacteria",1,"Alphaproteobacteria",1,"Rhizobiales",1,"Rhizobiaceae",1,"Aureimonas",0.969856580405331,"altamirensis",0.563818037133978
"Bin25",0.0147954920319911,"TACGGAGGGGGCTAGCGTTGTTCGGAATTACTGGGCGTAAAGCGCACGTAGGCGGCTTTGTAAGTTAGAGGTGAAAGCCTGGAGCTCAACTCCAGAACTGCCTTTAAGACTGCATCGCTTGAATCCAGGAGAGGTGAGTGGAATTCCGAGTGTAGAGGTGAAATTCGTAGATATTCGGAAGAACACCAGTGGCGAAGGCGGCTCACTGGACTGGTATTGACGCTGAGGTGCGAAAGCGTGGGGAGCAAACAGG",0.281925625536248,"Bacteria","Proteobacteria","Alphaproteobacteria","Sphingomonadales","Sphingomonadaceae","Sphingomonas",NA,"Bacteria",1,"Proteobacteria",1,"Alphaproteobacteria",1,"Sphingomonadales",1,"Sphingomonadaceae",1,"Sphingomonas",0.955870434397412,"rubra",0.816183436036161
"Bin26",0.0100780159395204,"TACGGAGGGAGCTAGCGTTGTTCGGAATTACTGGGCGTAAAGCGCACGTAGGCGGCTTTGTAAGTTAGAGGTGAAAGCCTGGAGCTCAACTCCAGAATTGCCTTTGATACTGCATGGCTTGAATCCAGGAGAGGTGAGTGGAATTCCGAGTGTAGAGGTGAAATTCGTAGATATTCGGAAGAACACCAGTGGCGAAGGCGGCTCACTGGACTGGTATTGACGCTGAGGTGCGAAAGCGTGGGGAGCAAACAGG",0.637836494999799,"Bacteria","Proteobacteria","Alphaproteobacteria","Sphingomonadales","Sphingomonadaceae","Sphingomonas","cynarae","Bacteria",1,"Proteobacteria",1,"Alphaproteobacteria",1,"Sphingomonadales",1,"Sphingomonadaceae",1,"Sphingomonas",1,"cynarae",0.845390368028777
"Bin27",0.00347725224997862,"TACGGAGGGGGCTAGCGTTGTTCGGAATTACTGGGCGTAAAGCGTACGTAGGCGGCTTTGTAAGTTAGAGGTGAAAGCCCGGGGCTCAACTCCGGAACTGCCTTTAAGACTGCATCGCTAGAACGTCGGAGAGGTGAGTGGAATTCCGAGTGTAGAGGTGAAATTCGTAGATATTCGGAAGAACACCAGTGGCGAAGGCGACTCACTGGACGACTGTTGACGCTGAGGTACGAAAGCGTGGGGAGCAAACAGG",0.263331482433259,"Bacteria","Proteobacteria","Alphaproteobacteria","Sphingomonadales","Sphingomonadaceae","Sphingomonas",NA,"Bacteria",1,"Proteobacteria",1,"Alphaproteobacteria",1,"Sphingomonadales",1,"Sphingomonadaceae",1,"Sphingomonas",0.570838935318134,"daechungensis",0.588430798448999
"Bin28",0.00777726391862318,"TACGAAGGGGGCTAGCGTTGCTCGGAATCACTGGGCGTAAAGGGTGCGTAGGCGGGTCTTTAAGTCAGGGGTGAAATCCTGGAGCTCAACTCCAGAACTGCCTTTGATACTGAAGATCTTGAGTTCGGGAGAGGTGAGTGGAACTGCGAGTGTAGAGGTGAAATTCGTAGATATTCGCAAGAACACCAGTGGCGAAGGCGGCTCACTGGCCCGATACTGACGCTGAGGCACGAAAGCGTGGGGAGCAAACAGG",0.569654666258497,"Bacteria","Proteobacteria","Alphaproteobacteria","Rhizobiales","Xanthobacteraceae","Bradyrhizobium",NA,"Bacteria",1,"Proteobacteria",1,"Alphaproteobacteria",1,"Rhizobiales",0.96966859246272,"Xanthobacteraceae",0.646414271302801,"Bradyrhizobium",0.64388641958638,"stygius",1
"Bin29",0.0207256425342832,"TACGAAGGGGGCTAGCGTTGCTCGGAATCACTGGGCGTAAAGGGCGCGTAGGCGGCCGATTAAGTCGGGGGTGAAAGCCTGTGGCTCAACCACAGAATTGCCTTCGATACTGGTTGGCTTGAGACCGGAAGAGGACAGCGGAACTGCGAGTGTAGAGGTGAAATTCGTAGATATTCGCAAGAACACCAGTGGCGAAGGCGGCTGTCTGGTCCGGTTCTGACGCTGAGGCGCGAAAGCGTGGGGAGCAAACAGG",0.69342440440071,"Bacteria","Proteobacteria","Alphaproteobacteria","Rhizobiales","Beijerinckiaceae","Methylobacterium-Methylorubrum",NA,"Bacteria",1,"Proteobacteria",1,"Alphaproteobacteria",1,"Rhizobiales",1,"Beijerinckiaceae",1,"Methylobacterium-Methylorubrum",0.999824732020113,NA,NA
"Bin30",0.0178092802564398,"TACGAAGGGGGCTAGCGTTGCTCGGAATTACTGGGCGTAAAGGGCGCGTAGGCGGACAGTTAAGTTGGGGGTGAAAGCCCGGGGCTCAACCTCGGAATTGCCTTCAATACTGGCTGTCTTGAGTACGGGAGAGGTGAGTGGAACTCCGAGTGTAGAGGTGAAATTCGTAGATATTCGGAAGAACACCAGTGGCGAAGGCGACTCACTGGCCCGTTACTGACGCTGAGGCGCGAAAGCGTGGGGAGCAAACAGG",0.232147850914415,"Bacteria","Proteobacteria","Alphaproteobacteria","Caulobacterales","Caulobacteraceae",NA,NA,"Bacteria",1,"Proteobacteria",0.710916686561825,"Alphaproteobacteria",0.710916686561825,"Caulobacterales",0.567517750302729,"Caulobacteraceae",0.5809508673541,"Desulfobulbus",0.22587244966516,"stibiiresistens",0.991556660387518
"Bin31",0.00408109927239991,"TACGTAGGTCCCGAGCGTTGCGCGAATTCACTGGGCGTAAAGCGTCCGCAGCCGGACGGGTAAGCGGTTCGTCAAAGCCCACCGCTCAACGGTGGAAAGGCGTACCGAACTGCCCGTCTTGAGGCACGCTCAGGCAGGCGGAATTCCCGGTGTAGCGGTGAAATGCGTAGATATCGGGAGGAACACCGAAGGCGAAGGCAGCCTGCTGGGGCTGTCCTGACGGTCAGGGACGAAAGCTGGGGGAGCAAACCGG",0.459649450497406,"Bacteria","Aquificota","Aquificae","Aquificales","Aquificaceae","Hydrogenobacter",NA,"Bacteria",0.984746377065192,"Aquificota",0.46059913968372,"Aquificae",0.467733774310933,"Aquificales",0.467733774310933,"Aquificaceae",0.669128070186639,"Hydrogenobacter",0.669128070186639,"cavolei",1
"Bin32",0.0187095944750018,"TACGAAGGGTGCAAGCGTTAATCGGAATTACTGGGCGTAAAGCGCGCGTAGGTGGCTTGATAAGTTGGATGTGAAATCCCCGGGCTCAACCTGGGAACTGCATCCAAAACTGTCTGGCTAGAGTGTGGTAGAGGGTAGTGGAATTTCCAGTGTAGCGGTGAAATGCGTAGATATTGGAAGGAACACCAGTGGCGAAGGCGACTACCTGGACTAACACTGACACTGAGGTGCGAAAGCGTGGGGAGCAAACAGG",0.257146846064937,"Bacteria","Proteobacteria","Gammaproteobacteria","Pseudomonadales","Pseudomonadaceae","Pseudomonas",NA,"Bacteria",1,"Proteobacteria",1,"Gammaproteobacteria",1,"Pseudomonadales",0.974104083938829,"Pseudomonadaceae",0.974104083938829,"Pseudomonas",0.974104083938829,"oryzihabitans",1
"Bin33",0.0103410117615618,"TACGAAGGGTGCAAGCGTTACTCGGAATTACTGGGCGTAAAGCGTGCGTAGGTGGTTCGTTAAGTCTGATGTGAAAGCCCTGGGCTCAACCTGGGAATTGCACTGGATACTGGCGGGCTAGAGTGCGGGAGAGGATGGCGGAATTCCTGGTGTAGCAGTGAAATGCGTAGATATCAGGAGGAACATCCGTGGCGAAGGCGGCCATCTGGACCAGCACTGACACTGAGGCACGAAAGCGTGGGGAGCAAACAGG",0.265398576244851,"Bacteria","Proteobacteria","Gammaproteobacteria","Xanthomonadales","Xanthomonadaceae","Luteimonas","terricola","Bacteria",1,"Proteobacteria",1,"Gammaproteobacteria",1,"Xanthomonadales",0.808218846386253,"Xanthomonadaceae",0.739818688112816,"Luteimonas",0.265639259208575,"terricola",0.946644936460208
"Bin34",0.000152919346162008,"TACGGAGGGTGCAAGCGTTAATCGGAATTACTGGGCGTAAAGCGCACGCAGGCGGTTTGTTAAGTCAGATTTGAAATCCCCGGGCTCAACCTGGGAACTGCATCTGATACTGGCAAGCTTGAGTCTCGTAGAGGGGGGTAGAATTCCAGGTGTAGCGGTGAAATGCGTAGAGATCTGGAGGAATACCGGTGGCGAAGGCGGCCCCCTGGACGAAGACTGACGCTCAGGTGCGAAAGCGTGGGGAGCAAACAGG",0.413483306767979,"Bacteria","Proteobacteria","Gammaproteobacteria","Enterobacterales","Enterobacteriaceae","Escherichia/Shigella",NA,"Bacteria",1,"Proteobacteria",1,"Gammaproteobacteria",1,"Enterobacterales",1,"Enterobacteriaceae",1,"Escherichia/Shigella",1,NA,NA
"Bin35",0.000741687223551129,"TACGGAGGGTGCAAGCGTTAATCGGAATTACTGGGCGTAAAGCGCACGCAGGCGGTTTGTTAAGTCAGATGTGAAATCCCCGAGCTTAACTTGGGAACTGCATTTGAAACTGGCAAGCTAGAGTCTTGTAGAGGGGGGTAGAATTCCAGGTGTAGCGGTGAAATGCGTAGAGATCTGGAGGAATACCGGTGGCGAAGGCGGCCCCCTGGACAAAGACTGACGCTCAGGTGCGAAAGCGTGGGGAGCAAACAGG",0.512724226043329,"Bacteria","Proteobacteria","Gammaproteobacteria","Enterobacterales",NA,NA,NA,"Bacteria",1,"Proteobacteria",1,"Gammaproteobacteria",1,"Enterobacterales",1,"Yersiniaceae",0.901136719909687,"Serratia",0.466042685183214,NA,NA
"Bin36",0.0316373842845491,"TACGGAGGGTGCAAGCGTTAATCGGAATTACTGGGCGTAAAGCGCACGCAGGCGGTCTGTTAAGTCAGATGTGAAATCCCCGGGCTTAACCTGGGAACTGCATTTGAAACTGGCAGGCTTGAGTCTTGTAGAGGGGGGTAGAATTCCAGGTGTAGCGGTGAAATGCGTAGAGATCTGGAGGAATACCGGTGGCGAAGGCGGCCCCCTGGACAAAGACTGACGCTCAGGTGCGAAAGCGTGGGGAGCAAACAGG",0.590302546993549,"Bacteria","Proteobacteria","Gammaproteobacteria","Enterobacterales","Erwiniaceae","Pantoea",NA,"Bacteria",1,"Proteobacteria",1,"Gammaproteobacteria",1,"Enterobacterales",0.950359303920818,"Erwiniaceae",0.734428068380385,"Pantoea",0.760773246381297,NA,NA
"Bin37",0.0154972511361051,"TACGGAGGGTGCGAGCGTTAATCGGAATAACTGGGCGTAAAGGGCACGCAGGCGGTTATTTAAGTGAGGTGTGAAAGCCCCGGGCTTAACCTGGGAATTGCATTTCAGACTGGGTAACTAGAGTACTTTAGGGAGGGGTAGAATTCCACGTGTAGCGGTGAAATGCGTAGAGATGTGGAGGAATACCGAAGGCGAAGGCAGCCCCTTGGGAATGTACTGACGCTCATGTGCGAAAGCGTGGGGAGCAAACAGG",0.373212918557021,"Bacteria","Proteobacteria","Gammaproteobacteria","Pasteurellales","Pasteurellaceae","Haemophilus",NA,"Bacteria",1,"Proteobacteria",1,"Gammaproteobacteria",1,"Pasteurellales",0.756438549431691,"Pasteurellaceae",0.756438549431691,"Haemophilus",0.666678863958935,"segnis",0.92761107787181
"Bin38",0.00424348524186678,"TACGTAGGGTGCGAGCGTTAATCGGATTTACTGGGCGTAAAGCGTGCGCAGGCGACTCGTTAAGACAGGTGTGAAATCCCTGGGCTCAACCTAGGAATTGCGCTTGTGACTGGCGAGCTCGAGTACGGTAGAGGGGGGTGGAATTCCTGGTGTAGCAGTGAAATGCGTAGAGATCAGGAGGAACACCGATGGCGAAGGCAGCCCCCTGGGCCTGTACTGACGCTTAGGCACGAAAGCGTGGGGAGCAAACAGG",0.248778483019282,"Bacteria","Proteobacteria","Gammaproteobacteria","Burkholderiales","Hydrogenophilaceae","Hydrogenophilus",NA,"Bacteria",1,"Proteobacteria",1,"Gammaproteobacteria",1,"Burkholderiales",1,"Hydrogenophilaceae",1,"Hydrogenophilus",1,NA,NA
"Bin39",0.103286213070637,"TACGTAGGGTGCGAGCGTTAATCGGATTTACTGGGCGTAAAGCGTGCGCAGGCGGCTCGTTAAGACAGGTGTGAAATCCCTGGGCTCAACCTAGGAATTGCGCTTGTGACTGGCGAGCTCGAGTACGGTAGAGGGGGGTGGAATTCCTGGTGTAGCAGTGAAATGCGTAGAGATCAGGAGGAACACCGATGGCGAAGGCAGCCCCCTGGGCCTGTACTGACGCTTAGGCACGAAAGCGTGGGGAGCAAACAGG",0.930439829139384,"Bacteria","Proteobacteria","Gammaproteobacteria","Burkholderiales","Hydrogenophilaceae","Hydrogenophilus","islandicus","Bacteria",1,"Proteobacteria",1,"Gammaproteobacteria",1,"Burkholderiales",0.99803211787298,"Hydrogenophilaceae",0.998032096576717,"Hydrogenophilus",0.997994521097526,"islandicus",1
"Bin40",0.0134445692951524,"TACGTAGGGTGCGAGCGTTAATCGGAATTACTGGGCGTAAAGAGTGCGTAGGCGGTTTTGTAAGACAGGTGTGAAATCCCCGGGCTTAACCTGGGAACTGCACTTGTGACTGCAAGGCTAGAGTGTGTCAGAGGGGGGTGGAATTCCACGTGTAGCAGTGAAATGCGTAGAGATGTGGAGGAACACCGATGGCGAAGGCAGCCCCCTGGGATAACACTGACGCTCAGGCACGAAAGCGTGGGGAGCAAACAGG",0.154051091008074,"Bacteria","Proteobacteria","Gammaproteobacteria","Burkholderiales","Burkholderiaceae","Lautropia",NA,"Bacteria",1,"Proteobacteria",1,"Gammaproteobacteria",1,"Burkholderiales",1,"Oxalobacteraceae",0.468953575149567,"Massilia",0.462913601634084,"mirabilis",0.814682305879178
"Bin41",0.0185788514364529,"TACGTAGGGTGCGAGCGTTAATCGGAATTACTGGGCGTAAAGCGTGCGCAGGCGGTTGTGCAAGACAGGCGTGAAATCCCCGGGCTTAACCTGGGAATGGCGCTTGTGACTGCACGGCTGGAGTGCGGCAGAGGGGGATGGAATTCCGCGTGTAGCAGTGAAATGCGTAGATATGCGGAGGAACACCGATGGCGAAGGCAATCCCCTGGGCCTGCACTGACGCTCATGCACGAAAGCGTGGGGAGCAAACAGG",0.326123068964609,"Bacteria","Proteobacteria","Gammaproteobacteria","Burkholderiales","Comamonadaceae",NA,NA,"Bacteria",1,"Proteobacteria",1,"Gammaproteobacteria",1,"Burkholderiales",1,"Comamonadaceae",1,"Polaromonas",0.405134299433886,"lata",1
"Bin42",0.0165221318548036,"TACAGAGGGTGCAAGCGTTAATCGGATTTACTGGGCGTAAAGCGCGCGTAGGTGGCCAATTAAGTCAAATGTGAAATCCCCGAGCTTAACTTGGGAATTGCATTCGATACTGGTTGGCTAGAGTATGGGAGAGGATGGTAGAATTCCAGGTGTAGCGGTGAAATGCGTAGAGATCTGGAGGAATACCGATGGCGAAGGCAGCCATCTGGCCTAATACTGACACTGAGGTGCGAAAGCATGGGGAGCAAACAGG",0.44897726224889,"Bacteria","Proteobacteria","Gammaproteobacteria","Pseudomonadales","Moraxellaceae","Acinetobacter","lwoffii","Bacteria",1,"Proteobacteria",1,"Gammaproteobacteria",1,"Pseudomonadales",1,"Moraxellaceae",1,"Acinetobacter",0.797919685505722,"lwoffii",1
"Bin43",0.0661618538212342,"TACGGAGGGTGCGAGCGTTACCCGGATTTACTGGGCGTAAAGGGCGTGTAGGCGGTTTTCTAAGTCCGGGGCTAAAGACCAGGGCTCAACCCTGGGTTTGCCTTGGATACTGGAAAGCTCGACGGCTGGAGGGGGCAGCGGAATTTCCGGAGTAGCGGTGAAATGCGCAGATACCGGAAGGAACGCCAATAGCGAAGGCAGCTGCCTGGACAGTACGTGACGCTGAGGCGCGAAAGCGTGGGGAGCAAACCGG",0.824075910914849,"Bacteria","Deinococcota","Deinococci","Thermales","Thermaceae","Meiothermus","silvanus","Bacteria",1,"Deinococcota",0.994721614913581,"Deinococci",0.994721614913581,"Thermales",0.969921924309051,"Thermaceae",0.969921924309051,"Meiothermus",0.960016712989813,"silvanus",0.996806276852068
"Bin44",0.00565946070935964,"TACGTAGGTGGCAAGCGTTGTCCGGAATTATTGGGCGTAAAGCGCGCGCAGGCGGTTCCTTAAGTCTGATGTGAAAGCCCACGGCTCAACCGTGGAGGGTCATTGGAAACTGGGGGACTTGAGTGCAGAAGAGGAGAGCGGAATTCCACGTGTAGCGGTGAAATGCGTAGAGATGTGGAGGAACACCAGTGGCGAAGGCGGCTCTCTGGTCTGTAACTGACGCTGAGGCGCGAAAGCGTGGGGAGAAAACAGG",0.126933299587783,"Bacteria","Firmicutes","Bacilli","Bacillales","Bacillaceae","Anoxybacillus",NA,"Bacteria",1,"Firmicutes",1,"Bacilli",1,"Bacillales",1,"Bacillaceae",1,"Anoxybacillus",1,"gonensis",1
"Bin45",0.179293519490877,"TACGTAGGTGGCAAGCGTTGTCCGGAATTATTGGGCGTAAAGCGCGCGCAGGCGGTTCCTTAAGTCTGATGTGAAAGCCCACGGCTCAACCGTGGAGGGTCATTGGAAACTGGGGGACTTGAGTGCAGAAGAGGAGAGCGGAATTCCACGTGTAGCGGTGAAATGCGTAGAGATGTGGAGGAACACCAGTGGCGAAGGCGGCTCTCTGGTCTGTAACTGACGCTGAGGCGCGAAAGCGTGGGGAGCAAACAGG",0.859252873124669,"Bacteria","Firmicutes","Bacilli","Bacillales","Bacillaceae","Anoxybacillus",NA,"Bacteria",1,"Firmicutes",1,"Bacilli",1,"Bacillales",1,"Bacillaceae",0.999979126517323,"Anoxybacillus",0.999615296092728,NA,NA
"Bin46",0.0193291102622888,"TACGTAGGTGGCAAGCGTTATCCGGAATTATTGGGCGTAAAGCGCGCGTAGGCGGTTTTTTAAGTCTGATGTGAAAGCCCACGGCTCAACCGTGGAGGGTCATTGGAAACTGGAAAACTTGAGTGCAGAAGAGGAAAGTGGAATTCCATGTGTAGCGGTGAAATGCGCAGAGATATGGAGGAACACCAGTGGCGAAGGCGACTTTCTGGTCTGTAACTGACGCTGATGTGCGAAAGCGTGGGGATCAAACAGG",0.70311364374481,"Bacteria","Firmicutes","Bacilli","Staphylococcales","Staphylococcaceae","Staphylococcus",NA,"Bacteria",1,"Firmicutes",1,"Bacilli",1,"Staphylococcales",0.91053680550144,"Staphylococcaceae",0.91053680550144,"Staphylococcus",0.907153273991616,"haemolyticus",0.381589868470921
"Bin47",0.0115205526628941,"TACGTAGGTGGCAAGCGTTGTCCGGAATTATTGGGCGTAAAGCGCGCGCAGGCGGCCTTTTAAGTCTGATGTGAAAGCCCCCGGCTCAACCGGGGAGGGTCATTGGAAACTGGAAGGCTTGAGTGCAGAAGAGAAGAGCGGAATTCCACGTGTAGCGGTGAAATGCGTAGAGATGTGGAGGAACACCAGTGGCGAAGGCGGCTCTTTGGTCTGTAACTGACGCTGAGGCGCGAAAGCGTGGGGAGCGAACAGG",0.220790773625525,"Bacteria","Firmicutes","Bacilli","Bacillales","Planococcaceae","Domibacillus",NA,"Bacteria",1,"Firmicutes",1,"Bacilli",1,"Bacillales",0.628299826024374,"Bacillaceae",0.407281245162339,"Bacillus",0.251678641475227,"subtilis",0.535331085854998
"Bin48",0.00454818445312302,"TACGTAGGTCCCGAGCGTTGTCCGGATTTATTGGGCGTAAAGCGAGCGCAGGCGGTTAGATAAGTCTGAAGTTAAAGGCTGTGGCTTAACCATAGTACGCTTTGGAAACTGTTTAACTTGAGTGCAAGAGGGGAGAGTGGAATTCCATGTGTAGCGGTGAAATGCGTAGATATATGGAGGAACACCGGTGGCGAAAGCGGCTCTCTGGCTTGTAACTGACGCTGAGGCTCGAAAGCGTGGGGAGCAAACAGG",0.336416917786223,"Bacteria","Firmicutes","Bacilli","Lactobacillales","Streptococcaceae","Streptococcus",NA,"Bacteria",1,"Firmicutes",1,"Bacilli",1,"Lactobacillales",1,"Streptococcaceae",1,"Streptococcus",0.998628978650514,NA,NA
"Bin49",0.0176321146525536,"TACGTAGGTGGCGAGCGTTGTCCGGAATCATTGGGCGTAAAGGGAGCGCAGGCGGGCATATAAGTCTTTCTTAAAAGTGCGGGGCTCAACCCCGTGATGGGAAAGAAACTATATGTCTTGAGTACAGGAGAGGAAAGCGGAATTCCCAGTGTAGCGGTGAAATGCGTAGATATTGGGAGGAACACCAGTGGCGAAGGCGGCTTTCTGGACTGCAACTGACGCTGAGGCTCGAAAGCCAGGGGAGCGAACGGG",0.0770924005654817,"Bacteria","Firmicutes","Negativicutes","Veillonellales-Selenomonadales","Selenomonadaceae","Centipeda",NA,"Bacteria",1,"Firmicutes",0.766963723820815,"Bacilli",0.331186498186945,"Peptostreptococcales-Tissierellales",0.23416164239874,"Paenibacillaceae",0.218894750949742,"Leptotrichia",0.120101565655899,"nucleatum",0.290159276547323
"Bin50",0.0283003850732547,"TACGTAGGGTGCGAGCGTTGTCCGGAATTACTGGGCGTAAAGGGCTCGTAGGTGGTTTGTCGCGTCGTCTGTGAAATTCCGGGGCTTAACTCCGGGCGTGCAGGCGATACGGGCATAACTTGAGTACTGTAGGGGTAACTGGAATTCCTGGTGTAGCGGTGAAATGCGCAGATATCAGGAGGAACACCGATGGCGAAGGCAGGTTACTGGGCAGTTACTGACGCTGAGGAGCGAAAGCATGGGTAGCGAACAGG",0.20510783120198,"Bacteria","Actinobacteriota","Actinobacteria","Corynebacteriales","Corynebacteriaceae","Corynebacterium",NA,"Bacteria",1,"Actinobacteriota",1,"Actinobacteria",1,"Corynebacteriales",0.918872269626661,"Corynebacteriaceae",0.695155514952884,"Corynebacterium",0.671893859801459,"stationis",0.279425595768241
"Bin51",0.0169902551457918,"TACGTAGGGCGCAAGCGTTGTCCGGAATTATTGGGCGTAAAGAGCTCGTAGGCGGTTTGTCGCGTCTGCTGTGAAATCCCCAGGCTCAACTTGGGGCGTGCAGTGGGTACGGGCAGACTAGAGTGCGGTAGGGGAGACTGGAATTCCTGGTGTAGCGGTGGAATGCGCAGATATCAGGAGGAACACCGATGGCGAAGGCAGGTCTCTGGGCCGTTACTGACGCTGAGGAGCGAAAGCATGGGGAGCGAACAGG",0.405897763385149,"Bacteria","Actinobacteriota","Actinobacteria","Micrococcales","Beutenbergiaceae","Salana",NA,"Bacteria",1,"Actinobacteriota",0.999956718300736,"Actinobacteria",0.981288883544202,"Micrococcales",0.767572556624381,"Beutenbergiaceae",0.464160312494836,"Salana",0.46537444473721,"multivorans",0.797247550541601
"Bin52",0.00898658229996239,"TACGTAGGGTGCAAGCGTTGTCCGGAATTATTGGGCGTAAAGAGCTCGTAGGCGGTTTGTCGCGTCTGCTGTGAAATCCCGAGGCTCAACCTCGGGCTTGCAGTGGGTACGGGCAGACTAGAGTGCGGTAGGGGAGATTGGAATTCCTGGTGTAGCGGTGGAATGCGCAGATATCAGGAGGAACACCGATGGCGAAGGCAGATCTCTGGGCCGTAACTGACGCTGAGGAGCGAAAGCGTGGGGAGCGAACAGG",0.149165057785476,"Bacteria","Actinobacteriota","Actinobacteria","Micrococcales","Microbacteriaceae","Curtobacterium",NA,"Bacteria",1,"Actinobacteriota",1,"Actinobacteria",1,"Micrococcales",1,"Microbacteriaceae",1,"Leucobacter",0.26248890229689,"terreus",1
"Bin53",0.00305029465884883,"TACGTAGGGTGCGAGCGTTATCCGGAATTATTGGGCGTAAAGAGCTCGTAGGCGGTCTGTCGCGTCTGCTGTGAAATCCCGAGGCTCAACCTCGGGCTTGCAGTGGGTACGGGCAGACTAGAGTGCGGTAGGGGAGATTGGAATTCCTGGTGTAGCGGTGGAATGCGCAGATATCAGGAGGAACACCGATGGCGAAGGCAGATCTCTGGGCCGTTACTGACGCTGAGGAGCGAAAGCGTGGGGAGCAAACAGGC",0.754965119617097,"Bacteria","Actinobacteriota","Actinobacteria","Micrococcales","Microbacteriaceae","Agrococcus","jejuensis","Bacteria",1,"Actinobacteriota",1,"Actinobacteria",1,"Micrococcales",1,"Microbacteriaceae",1,"Agrococcus",1,"jejuensis",1
"Bin54",0.0114478202145513,"TACGTAGGGTGCAAGCGTTGTCCGGAATTATTGGGCGTAAAGAGCTCGTAGGCGGTTTGTCGCGTCTGCTGTGAAATCTGGGGGCTCAACCCCCAGCCTGCAGTGGGTACGGGCAGACTAGAGTGCGGTAGGGGAGATTGGAATTCCTGGTGTAGCGGTGGAATGCGCAGATATCAGGAGGAACACCGATGGCGAAGGCAGATCTCTGGGCCGTAACTGACGCTGAGGAGCGAAAGCATGGGGAGCGAACAGG",0.430287680534744,"Bacteria","Actinobacteriota","Actinobacteria","Micrococcales","Microbacteriaceae","Frondihabitans",NA,"Bacteria",1,"Actinobacteriota",1,"Actinobacteria",1,"Micrococcales",1,"Microbacteriaceae",1,"Frondihabitans",0.560664216284687,"faeni",0.897453241156044
